"site","period","year","month","date","mean_biomass_m2","stdev_biomass_m2","mean_biomass_m2_FS","stdev_biomass_m2_FS","mean_frond_density_m2","stdev_frond_density_m2","mean_plant_density_m2","stdev_plant_density_m2","dry_biomass_m2","dry_biomass_m2_FS"
"Cape_mark_HIRMD","2024-Jul",2024,"Jul",2024-07-11,4.38525030697003,2.06353439414162,4.14609684032804,1.95099773845527,3.26736111111111,1.53749764754412,0.577777777777778,0.300616650188193,0.542572577720785,0.512982906941773
"Cape_mark_HIRMD","2025-Jul",2025,"Jul",2025-07-04,4.89134827013362,2.68654349749557,4.62459430776653,2.54003049464842,3.64444444444444,2.0016891015488,0.477777777777778,0.122851913263867,0.605190411876446,0.572185822663214
"Edna","2019-Aug",2019,"Aug",2019-08-21,3.92575436619718,NA,1.82581578947369,NA,2.925,NA,0.658333333333333,NA,0.485720658312422,0.225902174332786
"Golden","2014-Jun",2014,"Jun",2014-06-28,4.40668723726977,4.02385882182318,5.37120173425148,4.90458167744857,3.28333333333333,2.99809564122933,0.383333333333333,0.302420788527068,0.545224898504542,0.664561100601069
"Golden","2014-May",2014,"May",2014-05-24,2.89398559046587,1.90404777222243,3.5274072302984,2.32079658609833,2.15625,1.41866739847647,0.266666666666667,0.224072160995813,0.358063305807234,0.436434479138392
"Golden","2014-Sep",2014,"Sep",2014-09-06,4.037599219935,2.81740827382835,4.92132950777864,3.43406903909457,3.00833333333333,2.09919379365825,0.325,0.259807621135332,0.499558853705938,0.608899891667477
"Golden","2015-Apr",2015,"Apr",2015-04-29,1.18695351029252,0.82606222238867,1.44674818286152,1.00686674651379,0.884375,0.615482216944568,0.283333333333333,0.123322071557906,0.146857848613692,0.179001387820529
"Golden","2015-Aug",2015,"Aug",2015-08-07,1.839847843987,2.01433132732114,2.24254488650855,2.45521847503925,1.37083333333333,1.50083743984261,0.258333333333333,0.166458202961985,0.227638314223343,0.277462693017451
"Golden","2015-Jun",2015,"Jun",2015-06-27,1.73778941495125,1.5583874460396,2.11814839964295,1.89947979107989,1.29479166666667,1.16112289625532,0.283333333333333,0.104083299973307,0.21501096092676,0.262071525395663
"Golden","2015-May",2015,"May",2015-05-21,1.43161412784399,1.08949747791413,1.74495893904617,1.32796144308635,1.06666666666667,0.811762485788382,0.283333333333333,0.080363756341608,0.177128901037009,0.215898022530296
"Golden","2015-Sep",2015,"Sep",2015-09-11,1.59658528710726,1.6530044121568,1.94603819178781,2.01480606343255,1.18958333333333,1.23162007974591,0.233333333333333,0.187638837486628,0.197540239242445,0.240776896220311
"Golden","2017-Aug",2017,"Aug",2017-08-27,0.0671069122426869,NA,0.081794950267789,NA,0.05,NA,0.05,NA,0.00830291723610978,0.0101202198061076
"Golden","2018-Aug",2018,"Aug",2018-08-28,0.788506218851571,0.545695156179886,0.961090665646521,0.665134286013455,0.5875,0.406586399182265,0.0625,0.0176776695296637,0.0975592775242899,0.118912582721765
"Golden","2019-Jul",2019,"Jul",2019-07-13,0.626331180931744,0.107859270886179,0.763419535832697,0.131466989065891,0.466666666666667,0.080363756341608,0.0666666666666667,0.0381881307912987,0.0774938942036913,0.0944553848570047
"Golden","2020-Jul",2020,"Jul",2020-07-16,0.911535557963164,0.731729516382207,1.1110480744708,0.89188695175702,0.679166666666667,0.545196829900297,0.0666666666666667,0.0144337567297406,0.112781292457158,0.137466319032962
"Golden","2021-Jul",2021,"Jul",2021-07-14,0.806681007583965,0.498954907112803,0.98324346467738,0.6081637561503,0.601041666666667,0.371761187065478,0.116666666666667,0.0520416499866533,0.0998079842757363,0.121653475585919
"Golden","2022-Jul",2022,"Jul",2022-07-20,11.5563695124594,2.05881084164162,14.0857720606988,2.50943345141339,8.61041666666667,1.53397822432665,0.766666666666667,0.298258836136221,1.42983153903507,1.74278618577679
"Golden","2023-Jul",2023,"Jul",2023-07-17,10.1107747778982,3.65291182436213,12.3237725070135,4.45244358622505,7.53333333333333,2.72171055282029,0.65,0.29474565306379,1.25097286357387,1.52477978412022
"Golden","2024-Jul",2024,"Jul",2024-07-18,6.68552613217768,1.56660418290849,8.14882192042848,1.90949496777472,4.98125,1.16724502033635,0.641666666666667,0.152752523165195,0.827178129647437,1.00822689818347
"Golden","2025-Jul",2025,"Jul",2025-07-19,9.68576433369448,3.76940388249232,11.8057378219842,4.59443286546491,7.21666666666667,2.80850642394375,0.666666666666667,0.0520416499866533,1.19838772107851,1.46068505868154
"Goose_HIRMD","2022-Jul",2022,"Jul",2022-07-21,6.36770033947274,2.66672783449061,6.1533670146279,2.57696722818828,4.74444444444444,1.98692485272352,0.361111111111111,0.200923792444724,0.787854591070862,0.761335834691621
"Goose_HIRMD","2023-Jul",2023,"Jul",2023-07-23,2.05887734922355,0.204563238687257,1.98957665915003,0.197677751501706,1.53402777777778,0.152415922481629,0.244444444444444,0.038490017945975,0.254738113535646,0.246163767393705
"Goose_HIRMD","2024-Jul",2024,"Jul",2024-07-15,6.22136998916576,2.42533669866097,6.01196206420393,2.3437011865013,4.63541666666667,1.80706921061271,0.444444444444444,0.315054375083507,0.769749618764344,0.743840265890891
"Goose_HIRMD","2025-Jul",2025,"Jul",2025-07-19,9.9094540411701,5.93301897700812,9.57590721597246,5.73331679004639,7.38333333333333,4.42057217261898,0.533333333333333,0.256580071972344,1.22606411186554,1.18479546171565
"Ivory_HIRMD","2024-Jul",2024,"Jul",2024-07-12,4.9267658071506,2.56895084528161,4.30690371939736,2.24573774836912,3.67083333333333,1.91407320008347,0.772222222222222,0.326740354500725,0.609572507084393,0.53287901247381
"Lyte","2021-Jul",2021,"Jul",2021-07-18,NA,NA,NA,NA,3.69166666666667,1.16305990100826,0.208333333333333,0.0381881307912987,NA,NA
"Manley","2019-Jul",2019,"Jul",2019-07-09,NA,NA,NA,NA,1.83958333333333,1.65968197882406,0.15,0.05,NA,NA
"Manley","2020-Jul",2020,"Jul",2020-07-13,NA,NA,NA,NA,1.89166666666667,2.38881944343505,0.166666666666667,0.118145390656315,NA,NA
"Manley","2021-Jul",2021,"Jul",2021-07-08,NA,NA,NA,NA,1.15,1.5556349186104,0.05,0.0353553390593274,NA,NA
"Manley","2022-Jul",2022,"Jul",2022-07-10,NA,NA,NA,NA,2.775,3.36108241493719,0.216666666666667,0.142156017576933,NA,NA
"Manley","2023-Jul",2023,"Jul",2023-07-16,NA,NA,NA,NA,3.475,2.1004463811295,0.241666666666667,0.112731243820572,NA,NA
"Manley","2024-Jul",2024,"Jul",2024-07-21,NA,NA,NA,NA,2.7,0.606217782649107,0.266666666666667,0.0877971146071062,NA,NA
"McMullins_HIRMD","2024-Jul",2024,"Jul",2024-07-13,4.78229953773926,0.982407329298953,6.77102729241338,1.39094316164368,3.56319444444444,0.731971786860163,0.4,0.0440958551844099,0.591698171367768,0.837756906606523
"McMullins_HIRMD","2025-Jul",2025,"Jul",2025-07-04,5.70408754062839,3.42274491673334,8.07614247311828,4.84609946810785,4.25,2.55021785561765,0.383333333333333,0.0440958551844099,0.705747965069331,0.999234509536527
"McMullins_center","2019-Aug",2019,"Aug",2019-08-22,3.36280193571687,0.713473157924382,2.81239205872539,0.596694744982804,2.50555555555556,0.531594387284697,0.516666666666667,0.144337567297406,0.416068408165057,0.347968006852141
"McMullins_north_HIRMD","2022-Jul",2022,"Jul",2022-07-21,5.08614472372698,1.38363374337423,5.49218468468467,1.49409276915038,3.78958333333333,1.0309174547999,0.344444444444444,0.0585314097380708,0.629291935520154,0.679529922602511
"McMullins_north_HIRMD","2023-Jul",2023,"Jul",2023-07-23,3.2351123943662,1.4575840229656,3.49337970323264,1.57394668897795,2.41041666666667,1.08601630909076,0.311111111111111,0.053575837561072,0.400269801757459,0.43222436528373
"Meay","2014-Jul",2014,"Jul",2014-07-03,2.13903282773565,0.408453899199139,2.6421685481213,0.504528977689372,1.59375,0.304330720598496,0.15,0.0661437827766148,0.264655486900999,0.326906812513851
"Meay","2014-May",2014,"May",2014-05-29,1.21072054171181,0.512056778983096,1.49550193638761,0.63250095965738,0.902083333333333,0.381523126210369,0.15,0.0433012701892219,0.149798465134814,0.185033529174506
"Meay","2014-Sep",2014,"Sep",2014-09-10,2.52769369447454,0.618998368457286,3.12224884640739,0.764596970775599,1.88333333333333,0.461203136734057,0.133333333333333,0.0381881307912987,0.312743215893468,0.386305566683034
"Meay","2015-Apr",2015,"Apr",2015-04-23,1.10306986998917,0.576711465650374,1.36253005520765,0.712363492567526,0.821875,0.429696022642751,0.125,0.025,0.136479202068555,0.168581356257143
"Meay","2015-Aug",2015,"Aug",2015-08-08,2.43122750812568,0.90384703520839,3.00309222560976,1.1164467313334,1.81145833333333,0.673438104214733,0.183333333333333,0.0520416499866533,0.300807772366561,0.371562710432409
"Meay","2015-Jun",2015,"Jun",2015-06-29,1.91534312026002,0.449567272895285,2.36586334047463,0.555312893428575,1.42708333333333,0.334963461937766,0.216666666666667,0.0877971146071062,0.236979096113967,0.292720479179069
"Meay","2015-May",2015,"May",2015-05-22,1.37149751895991,0.328193067689799,1.69409630438366,0.40538947786013,1.021875,0.24453000199362,0.15,0.05,0.169690871012994,0.209604956258881
"Meay","2015-Sep",2015,"Sep",2015-09-13,1.481944312026,0.78085411999443,1.8305220006592,0.964523858525463,1.10416666666667,0.581798576255849,0.166666666666667,0.0577350269189626,0.183356088964091,0.226484458342929
"Meay","2016-Aug",2016,"Aug",2016-08-15,1.96846942578548,0.251837260010699,2.43148582729071,0.311073527725938,1.46666666666667,0.187638837486628,0.208333333333333,0.0381881307912987,0.243552238925887,0.30083973334608
"Meay","2016-Jun",2016,"Jun",2016-06-12,1.67767280606717,0.41231177168585,2.07228905735004,0.509294285268986,1.25,0.307205143186113,0.233333333333333,0.0520416499866533,0.207572930902745,0.256397500010863
"Meay","2016-May",2016,"May",2016-05-23,1.10726405200433,0.35509640209517,1.36771077785102,0.438620919231093,0.825,0.264575131106459,0.166666666666667,0.0520416499866533,0.136998134395811,0.16922235000717
"Meay","2016-Nov",2016,"Nov",2016-11-13,1.1296330227519,0.084441012815755,1.39534129861569,0.104302928566774,0.841666666666667,0.0629152869605896,0.183333333333333,0.080363756341608,0.139765773474515,0.172640983340648
"Meay","2016-Sep",2016,"Sep",2016-09-07,2.02439185265439,0.774157082476593,2.50056212920238,0.956251567578929,1.50833333333333,0.57680874935574,0.266666666666667,0.080363756341608,0.250471336622645,0.309386316679775
"Meay","2018-Aug",2018,"Aug",2018-08-20,0.201320736728061,0.262060869797271,0.248674686882004,0.323701898771061,0.15,0.195256241897666,0.0416666666666667,0.0288675134594813,0.0249087517083293,0.0307677000013036
"Meay","2019-Jul",2019,"Jul",2019-07-11,0.503301841820152,0.616872785246828,0.621686717205011,0.761971415416063,0.375,0.459619407771256,0.075,0.0353553390593274,0.0622718792708234,0.076919250003259
"Meay","2020-Jul",2020,"Jul",2020-07-10,0.704622578548213,1.04663120936143,0.870361404087016,1.29281609286208,0.525,0.779823698024111,0.108333333333333,0.144337567297406,0.0871806309791527,0.107686950004563
"Meay","2021-Jul",2021,"Jul",2021-07-16,2.58361612134345,NA,3.19132514831906,NA,1.925,NA,0.125,NA,0.319662313590227,0.394852150016729
"Meay","2022-Jul",2022,"Jul",2022-07-11,0.749360520043337,1.268879280306,0.92562244561635,1.56734056734245,0.558333333333333,0.945416230534643,0.0416666666666667,0.0288675134594813,0.0927159091365592,0.114524216671519
"Meay","2023-Jul",2023,"Jul",2023-07-19,1.27363327193933,1.11445606480602,1.57321277603824,1.37659447041334,0.948958333333333,0.83035862295055,0.125,0.0661437827766148,0.157582450043667,0.194648435424914
"Meay","2024-Jul",2024,"Jul",2024-07-07,3.16520936078007,2.1142227688577,3.9097186882004,2.61152275512814,2.35833333333333,1.57526452805024,0.2,0.175,0.391620929636511,0.483736616687162
"Meay","2025-Jul",2025,"Jul",2025-07-16,5.53632026002167,3.72322429957947,6.83855388925512,4.59898792313701,4.125,2.77409895281333,0.266666666666667,0.142156017576933,0.684990671979057,0.846111750035849
"Simmonds","2014-Jun",2014,"Jun",2014-06-27,2.9820634127844,0.812751963033633,3.03620142431972,0.827507107059556,2.221875,0.605565012508979,0.275,0.05,0.368960884679628,0.375659202544109
"Simmonds","2014-May",2014,"May",2014-05-25,2.10268325027086,0.165515268672455,2.14085651297556,0.168520123460669,1.56666666666667,0.123322071557906,0.166666666666667,0.0381881307912987,0.260158073398106,0.264881125469452
"Simmonds","2014-Sep",2014,"Sep",2014-09-06,3.22532596966414,1.17007154712677,3.28388030281556,1.19131366647404,2.403125,0.871796591456401,0.258333333333333,0.146486631927058,0.399058959660526,0.406303694453474
"Simmonds","2015-Apr",2015,"Apr",2015-04-24,0.301981105092091,0.0887741005237926,0.307463435374149,0.0903857541383975,0.225,0.0661437827766148,0.0833333333333333,0.0381881307912987,0.037363127562494,0.0380414382323149
"Simmonds","2015-Aug",2015,"Aug",2015-08-09,3.15682099674973,0.41223354562741,3.21413165312421,0.419717459065583,2.35208333333333,0.307146858535674,0.6,0.129903810567666,0.390583064981998,0.397673923743366
"Simmonds","2015-Jun",2015,"Jun",2015-06-27,2.09848906825569,0.747933713646547,2.13658618748425,0.761512111692497,1.56354166666667,0.557270248809618,0.383333333333333,0.152752523165195,0.25963914107085,0.26435277216067
"Simmonds","2015-May",2015,"May",2015-05-20,0.56062232936078,0.151939031468242,0.570800174004786,0.154697415814808,0.417708333333333,0.113206692418484,0.191666666666667,0.115470053837925,0.0693639544100005,0.0706232256072142
"Simmonds","2015-Sep",2015,"Sep",2015-09-10,2.75837370530878,0.218110907265542,2.80845073144998,0.222070612066888,2.05520833333333,0.162510015716981,0.441666666666667,0.160727512683216,0.341284493892596,0.347480359409061
"Simmonds","2016-Sep",2016,"Sep",2016-09-08,7.91861564463705,0.37812824682406,8.0623745275888,0.384992993998999,5.9,0.281735691739616,0.475,0.025,0.979744233860954,0.997531046980701
"Simmonds","2017-Aug",2017,"Aug",2017-08-27,4.29484238353196,0.784749276186188,4.37281330309901,0.798996044106805,3.2,0.584700778176325,0.483333333333333,0.142156017576933,0.531386703111026,0.541033788192922
"Simmonds","2018-Aug",2018,"Aug",2018-08-18,3.10609136666151,0.844083193230169,3.16248104956268,0.859407141559356,2.31428571428571,0.628909277018743,0.407142857142857,0.350509832753866,0.38430645492851,0.391283364675239
"Simmonds","2019-Jul",2019,"Jul",2019-07-04,5.83969942578548,1.82946322069518,5.94571652573065,1.86267629742615,4.35104166666667,1.36309596102341,0.55,0.264575131106459,0.72252677698397,0.735643923594348
"Simmonds","2020-Jul",2020,"Jul",2020-07-16,3.73701617551463,2.77296338502012,3.80486001275509,2.82330528019299,2.784375,2.06607880794151,0.358333333333333,0.215541952606293,0.462368703585864,0.470762798124896
"Simmonds","2021-Jul",2021,"Jul",2021-07-13,3.96210394366197,1.06938756522095,4.03403414745527,1.08880181244771,2.95208333333333,0.796778997485083,0.425,0.16393596310755,0.490218071815315,0.499117759029538
"Simmonds","2022-Jul",2022,"Jul",2022-07-16,5.11969817984832,2.41963713921326,5.21264398305618,2.46356455631392,3.81458333333333,1.80282258440295,0.325,0.15,0.633443394138209,0.644943272253412
"Simmonds","2023-Jul",2023,"Jul",2023-07-21,5.63977674972914,2.67326492831618,5.74216434397832,2.72179684313251,4.20208333333333,1.99179550882071,0.4,0.108972473588517,0.69779100271806,0.710459082542399
"Simmonds","2024-Jul",2024,"Jul",2024-07-17,3.22672403033586,0.644436214489214,3.285303744646,0.656135662282385,2.40416666666667,0.480156360166491,0.4,0.075,0.399231937102945,0.406479812223068
"Simmonds","2025-Jul",2025,"Jul",2025-07-09,6.02843761646804,1.24389379291042,6.13788117283949,1.2664761217169,4.49166666666667,0.926800050352466,0.525,0.246221445044903,0.745878731710529,0.759419822489545
"Simmonds_HIRMD","2021-Jul",2021,"Jul",2021-07-13,6.19061265438787,1.63056613885532,6.4014083900468,1.68608833156381,4.6125,1.21490177715114,0.508333333333333,0.0629152869605896,0.765944115031127,0.792025177151397
"Simmonds_HIRMD","2022-Jul",2022,"Jul",2022-07-16,6.33973912603828,3.01346824065817,6.55561274753061,3.11607945058812,4.72361111111111,2.24527410064719,0.377777777777778,0.173472166622178,0.784395042222482,0.811104374432972
"Simmonds_HIRMD","2023-Jul",2023,"Jul",2023-07-21,4.87177542072951,1.59949953858548,5.03766360354933,1.65396388658233,3.62986111111111,1.1917546830355,0.272222222222222,0.0917928424547684,0.602768727682581,0.623293526192465
"Simmonds_HIRMD","2024-Jul",2024,"Jul",2024-07-17,2.23410095341278,0.751886335734828,2.31017403055438,0.777488718264897,1.66458333333333,0.560215267404712,0.255555555555556,0.0254587538608658,0.276417952985488,0.285830224274601
"Simmonds_HIRMD","2025-Jul",2025,"Jul",2025-07-09,4.89880459371614,3.10566394657196,5.06561314334327,3.21141450033388,3.65,2.31396725224115,0.383333333333333,0.0763762615825973,0.606112958236014,0.62675163069975
"Spider_HIRMD","2021-Jul",2021,"Jul",2021-07-10,8.16467432286024,2.51904308343917,8.30763821467097,2.56315166494609,6.08333333333333,1.87688793840584,0.516666666666667,0.101036297108185,1.01018826372669,1.02787671521085
"Spider_HIRMD","2022-Jul",2022,"Jul",2022-07-18,4.34517256771398,2.73462382795436,4.42125677588996,2.78250724003218,3.2375,2.03751278114601,0.388888888888889,0.127293769304329,0.537613891038108,0.547027539533446
"Spider_HIRMD","2023-Jul",2023,"Jul",2023-07-20,4.39923091368725,3.0262783547607,4.47626168644372,3.07926865347817,3.27777777777778,2.25481865699349,0.361111111111111,0.0769800358919501,0.544302352144974,0.553833115958358
"Spider_HIRMD","2024-Jul",2024,"Jul",2024-07-21,6.31550607439509,1.87850526769053,6.42609092952175,1.9113979971781,4.70555555555556,1.39963619611722,0.655555555555556,0.386340858904749,0.781396766553887,0.795079066469033
"Spider_HIRMD","2025-Jul",2025,"Jul",2025-07-12,5.51395128927411,1.09282209519193,5.61050087648327,1.11195746956295,4.10833333333333,0.814239590729357,0.544444444444445,0.211037999035806,0.682223032900354,0.694168795341027
"Stryker","2014-Jun",2014,"Jun",2014-06-26,5.79915566630553,1.23284934599643,5.53082026898921,1.17580360725014,4.32083333333333,0.918571056836831,0.5,0.0661437827766148,0.71751043115382,0.684310176202754
"Stryker","2014-May",2014,"May",2014-05-26,4.7911539219935,1.29007975489586,4.56946023669866,1.23038588159443,3.56979166666667,0.961212274400578,0.433333333333333,0.0520416499866533,0.592793695169755,0.565364265633278
"Stryker","2014-Sep",2014,"Sep",2014-09-13,6.33321484290358,1.87308149251579,6.04016774795591,1.78641127784638,4.71875,1.39559505117889,0.458333333333333,0.0520416499866533,0.78358781415786,0.747330062246499
"Stryker","2015-Apr",2015,"Apr",2015-04-24,2.42703332611051,0.777784263428559,2.31473095153454,0.741795050280493,1.80833333333333,0.579511288357124,0.283333333333333,0.128290035986172,0.300288840039304,0.286394037099321
"Stryker","2015-Aug",2015,"Aug",2015-08-05,4.53391075839653,1.26911955897233,4.32412008976182,1.21039554453047,3.378125,0.94559525729828,0.466666666666667,0.170171482138851,0.560965845764667,0.53500913727713
"Stryker","2015-Jun",2015,"Jun",2015-06-23,4.71426058504875,1.20495717852224,4.49612486669036,1.1492020510773,3.5125,0.897789168248871,0.475,0.15612494995996,0.583279935836712,0.556290721831169
"Stryker","2015-May",2015,"May",2015-05-20,3.20715118093175,1.3198307340288,3.05875161452778,1.2587602394974,2.38958333333333,0.983379125875841,0.383333333333333,0.189296944860009,0.39681025290908,0.378449263309816
"Stryker","2015-Sep",2015,"Sep",2015-09-09,3.77755993499458,1.42908610257317,3.60276672295295,1.36296020266652,2.81458333333333,1.06478308628252,0.266666666666667,0.0520416499866533,0.467385049416013,0.445758460969104
"Stryker","2016-Aug",2016,"Aug",2016-08-29,3.64614223185265,0.681336229938083,3.47742990875696,0.649809808078311,2.71666666666667,0.507649813683934,0.366666666666667,0.0877971146071062,0.451125169828631,0.43025094974368
"Stryker","2017-Aug",2017,"Aug",2017-08-27,4.61919245937162,1.54649525744706,4.40545568195283,1.47493666457017,3.44166666666667,1.15226226759941,0.566666666666667,0.1842778698958,0.571517469752223,0.545072522221288
"Stryker","2018-Aug",2018,"Aug",2018-08-17,5.74483102306145,2.3937461330063,5.47900930628205,2.28298400544233,4.28035714285714,1.78353172051003,0.4,0.276887462097269,0.710789021962684,0.67789977642568
"Stryker","2019-Jul",2019,"Jul",2019-07-05,3.94672527627302,1.77031747691571,3.7641045369712,1.68840230324581,2.940625,1.31902766626595,0.383333333333333,0.0763762615825973,0.488315319948707,0.465720257333745
"Stryker","2020-Jul",2020,"Jul",2020-07-17,6.26750599133261,2.97577829752779,5.97749934085792,2.83808469215832,4.66979166666667,2.21719208802673,0.433333333333333,0.112731243820572,0.77545787436417,0.739576306633787
"Stryker","2021-Jul",2021,"Jul",2021-07-15,5.43845601300108,3.62052017719841,5.18681071513212,3.45299342397036,4.05208333333333,2.69757619312381,0.416666666666667,0.158771324027147,0.67288225100973,0.641747007094676
"Stryker","2022-Jul",2022,"Jul",2022-07-17,6.47581703141929,0.58502449775785,6.1761715250622,0.557954560325795,4.825,0.435889894354067,0.358333333333333,0.0288675134594813,0.801231513284594,0.764157361661321
"Stryker","2023-Jul",2023,"Jul",2023-07-18,3.91876406283857,0.599934208163873,3.73743712969546,0.572174376668633,2.91979166666667,0.446998817345565,0.358333333333333,0.0763762615825973,0.484855771100327,0.462420786860251
"Stryker","2024-Jul",2024,"Jul",2024-07-13,5.76979639219935,3.76520840191337,5.50281949134968,3.59098671333611,4.29895833333333,2.80538045641021,0.366666666666667,0.152752523165195,0.713877904863022,0.680845732205585
"Stryker","2025-Jul",2025,"Jul",2025-07-06,4.71985282773565,1.89816896369564,4.50145834814551,1.81033791511624,3.51666666666667,1.41428721741142,0.466666666666667,0.274241377865072,0.583971845606388,0.556950615925868
"Stryker_HIRMD","2021-Jul",2021,"Jul",2021-07-15,5.1490574539545,2.22356660307157,6.43250191108341,2.77780866723371,3.83645833333333,1.656734402434,0.5,0.198431348329844,0.637075920429007,0.79587227610318
"Stryker_HIRMD","2022-Jul",2022,"Jul",2022-07-17,6.77686609606356,3.22968153993213,8.46605509919223,4.03470593668536,5.04930555555556,2.40637024711571,0.444444444444444,0.126197963240006,0.838479322552142,1.04747711458887
"Stryker_HIRMD","2023-Jul",2023,"Jul",2023-07-18,5.20171773925605,1.83084323351055,6.49828820087909,2.28719580306995,3.87569444444444,1.36412418059816,0.455555555555556,0.0585314097380708,0.643591404093454,0.804011797073372
"Stryker_HIRMD","2024-Jul",2024,"Jul",2024-07-14,5.09173696641387,2.11972371215501,6.36089382573059,2.64808209101145,3.79375,1.57936316939244,0.45,0.136422546197874,0.629983845289829,0.787012443542704
"Stryker_HIRMD","2025-Jul",2025,"Jul",2025-07-06,7.00894416756952,1.43184711899661,8.75598051793778,1.78874666124601,5.22222222222222,1.06684026365157,0.605555555555556,0.179763218748483,0.867193577993688,1.08334863178494
"Triqster","2020-Jul",2020,"Jul",2020-07-21,5.02463005417118,0.430164435122793,4.78076875,0.409287184653373,3.74375,0.320506800824881,0.591666666666667,0.123322071557906,0.62168092805372,0.591508772042418
"Triqster","2021-Jul",2021,"Jul",2021-07-11,7.27131355362947,1.42971989506118,6.91841354166666,1.36033103370218,5.41770833333333,1.06525531221784,0.741666666666667,0.0381881307912987,0.899655678020979,0.855992521812079
"Triquet","2014-Jul",2014,"Jul",2014-07-01,2.57942193932828,1.83765968267801,1.99930913077581,1.42436943984182,1.921875,1.36920297869783,0.566666666666667,0.406458279941907,0.31914338126297,0.247367934054203
"Triquet","2014-May",2014,"May",2014-05-31,2.32916907908992,2.11480511611472,1.80533821781708,1.63918477779585,1.73541666666667,1.57569842318679,0.466666666666667,0.388372673257701,0.288180419069977,0.22336855183431
"Triquet","2014-Sep",2014,"Sep",2014-09-05,2.85763601300108,1.3075447918876,2.21495277143944,1.01347755536266,2.12916666666667,0.974225119432533,0.4,0.238484800354236,0.353565892304342,0.274048811494196
"Triquet","2015-Apr",2015,"Apr",2015-04-23,0.974448288190683,0.253612213489987,0.755294560515308,0.196574746603435,0.726041666666667,0.188961319344286,0.225,0.1,0.120565277366011,0.0934501084204767
"Triquet","2015-Aug",2015,"Aug",2015-08-06,1.6790708667389,0.801147320272076,1.30144729867846,0.620969034997685,1.25104166666667,0.596918628422948,0.316666666666667,0.160727512683216,0.207745908345163,0.161023787966991
"Triquet","2015-Jun",2015,"Jun",2015-06-28,2.12505222101842,1.11149252554472,1.6471273055714,0.861517505619623,1.58333333333333,0.828150549920323,0.291666666666667,0.128290035986172,0.26292571247681,0.203793636727582
"Triquet","2015-May",2015,"May",2015-05-22,1.26943908992416,0.526354525282902,0.983941837801864,0.407977226361548,0.945833333333333,0.392176087151337,0.275,0.129903810567666,0.15706351771641,0.121739882992529
"Triquet","2015-Sep",2015,"Sep",2015-09-12,1.16318647887324,0.542418713869198,0.901585472523294,0.42042857386286,0.866666666666667,0.404145188432738,0.208333333333333,0.187638837486628,0.14391723209257,0.11155020115615
"Triquet","2016-Aug",2016,"Aug",2016-08-12,1.54905122426869,0.910643106909191,1.20066911485073,0.70583918464915,1.15416666666667,0.678501719477065,0.308333333333333,0.218422373701353,0.191659006200201,0.148554835193527
"Triquet","2016-Jun",2016,"Jun",2016-06-11,1.29740030335861,0.666298760848222,1.00561456550675,0.516447959163815,0.966666666666667,0.496445700286883,0.275,0.114564392373896,0.160523066564789,0.124421378212629
"Triquet","2016-May",2016,"May",2016-05-22,0.770331430119177,0.660398342875265,0.597083648269633,0.511874547055908,0.573958333333333,0.492049418461534,0.191666666666667,0.125830573921179,0.0953105707728435,0.0738751933137484
"Triquet","2016-Nov",2016,"Nov",2016-11-14,1.30578866738895,0.610701322859624,1.01211638381822,0.47335440253256,0.972916666666667,0.455021176247143,0.275,0.0866025403784439,0.161560931219303,0.125225826778659
"Triquet","2016-Sep",2016,"Sep",2016-09-07,1.76714868905742,1.07388533924746,1.36971639094885,0.832368187394286,1.31666666666667,0.800130197738676,0.316666666666667,0.162660177466193,0.218643487217558,0.169470497910305
"Triquet","2017-Apr",2017,"Apr",2017-04-06,1.41343933911159,0.559620827799952,1.09555638548203,0.433761926939387,1.053125,0.416962134821617,0.325,0.213600093632938,0.174880194285562,0.135549583376043
"Triquet","2017-Aug",2017,"Aug",2017-08-25,3.5007439219935,0.393210622138234,2.71342550865184,0.304777429071467,2.60833333333333,0.292973263854116,0.4,0.152069063257455,0.43313551581706,0.33572320155649
"Triquet","2017-Jul",2017,"Jul",2017-07-14,3.45600598049838,0.990253390706291,2.67874914432402,0.767545090485031,2.575,0.737817728168685,0.525,0.175,0.427600237659654,0.331432809204331
"Triquet","2017-Jun",2017,"Jun",2017-06-04,2.56124715059588,0.575647980053073,1.98522185776764,0.446184567590549,1.90833333333333,0.428903641081926,0.391666666666667,0.0577350269189626,0.316894674511523,0.245624962161138
"Triquet","2017-May",2017,"May",2017-05-15,2.29561562296858,0.33049870408117,1.77933094457121,0.256169441185389,1.71041666666667,0.246247884931695,0.375,0.195256241897666,0.284028960451922,0.22015075757019
"Triquet","2017-Nov",2017,"Nov",2017-11-19,3.01981105092091,0.373635474484394,2.34065459212778,0.289604738305411,2.25,0.278388218141501,0.35,0.0901387818865997,0.37363127562494,0.289601483770774
"Triquet","2018-Apr",2018,"Apr",2018-04-28,1.62175037919827,0.692806423233689,1.25701820688344,0.536994039909561,1.20833333333333,0.516196022198286,0.35,0.0661437827766148,0.200653833205986,0.155526722765786
"Triquet","2018-Aug",2018,"Aug",2018-08-24,2.69434252654388,0.780938220386866,2.0883840416429,0.605304968057251,2.0075,0.58186123775347,0.315,0.0977880360780397,0.333362127029808,0.258388879408813
"Triquet","2018-Feb",2018,"Feb",2018-02-16,1.46516758396533,0.521249818035246,1.13565093173607,0.404020569385592,1.09166666666667,0.388372673257701,0.316666666666667,0.142156017576933,0.181280359655064,0.140510349533228
"Triquet","2018-Jul",2018,"Jul",2018-07-14,2.7547387475623,1.14723873975598,2.13519713348545,0.889224384968666,2.0525,0.85478432952412,0.275,0.129903810567666,0.340834752542306,0.264180909084229
"Triquet","2019-Jul",2019,"Jul",2019-07-09,1.73359523293608,0.901166961939628,1.34370911770299,0.698494227675133,1.29166666666667,0.671441235949456,0.241666666666667,0.137689263682153,0.214492028599503,0.166252703646185
"Triquet","2020-Jul",2020,"Jul",2020-07-10,0.995419198266522,0.704888825517302,0.771549106293973,0.546359106104828,0.741666666666667,0.525198375219624,0.133333333333333,0.104083299973307,0.123159939002295,0.0954612298355516
"Triquet","2021-Jul",2021,"Jul",2021-07-11,1.83006141928494,1.09126404642931,1.41848002828485,0.845838417843978,1.36354166666667,0.813078720179254,0.191666666666667,0.080363756341608,0.22642747212641,0.17550386215553
"Triquet","2022-Jul",2022,"Jul",2022-07-18,4.08792940411701,1.79881681556711,3.16855279045446,1.39426234580798,3.04583333333333,1.3402619457902,0.166666666666667,0.160727512683216,0.505786041633021,0.392034601178585
"Triquet","2023-Jul",2023,"Jul",2023-07-20,2.47736351029252,1.41922922488818,1.92020367465298,1.10004412411943,1.84583333333333,1.05743892652641,0.2,0.13228756555323,0.306516027966386,0.237580476500839
"Triquet","2024-Jul",2024,"Jul",2024-07-06,1.65530383531961,1.09568004791248,1.2830254801293,0.849261259199324,1.23333333333333,0.816368993368399,0.183333333333333,0.0763762615825973,0.204805291824041,0.158744517029906
"Triquet","2025-Jul",2025,"Jul",2025-07-12,3.91596794149513,2.83990518224172,3.03526551506941,2.20120961011599,2.91770833333333,2.11595578408632,0.275,0.15612494995996,0.48450981621549,0.375543405574972
"Triquet_beach","2019-Aug",2019,"Aug",2019-08-21,1.70004177681473,0.428527831996994,0.918951219512195,0.231639115684785,1.26666666666667,0.319287401011134,0.233333333333333,0.0866025403784439,0.210340569981448,0.113698807837242
"Triquetta","2022-Jul",2022,"Jul",2022-07-12,NA,NA,NA,NA,0.275,0.175,0.05,0.025,NA,NA
"Triquetta","2023-Jul",2023,"Jul",2023-07-14,NA,NA,NA,NA,0.308333333333333,0.212622513702885,0.0666666666666667,0.0520416499866533,NA,NA
"Triquetta","2024-Jul",2024,"Jul",2024-07-21,NA,NA,NA,NA,0.658333333333333,0.579511288357124,0.133333333333333,0.0381881307912987,NA,NA
"Triquetta","2025-Jul",2025,"Jul",2025-07-14,NA,NA,NA,NA,0.408333333333333,0.146486631927058,0.0916666666666667,0.0520416499866533,NA,NA
"Westbeach","2016-Aug",2016,"Aug",2016-08-11,8.04164498374865,1.75164895636543,6.97905847002993,1.52019400385698,5.99166666666667,1.30511813003013,0.65,0.180277563773199,0.994966248793822,0.863495919065242
"Westbeach","2016-Jun",2016,"Jun",2016-06-17,6.06338913326111,0.986679276203843,5.26220037978439,0.856303949466747,4.51770833333333,0.735154727903136,0.583333333333333,0.144337567297406,0.750203167771002,0.651074722007294
"Westbeach","2016-May",2016,"May",2016-05-21,4.87363950162514,0.843312236791692,4.22965887109255,0.731880780730186,3.63125,0.628334853004352,0.6,0.129903810567666,0.602999364272473,0.523321761797885
"Westbeach","2016-Sep",2016,"Sep",2016-09-11,9.00351072589383,1.32582155818515,7.81382763334367,1.1506335077089,6.70833333333333,0.98784276751583,0.508333333333333,0.160727512683216,1.11397472917806,0.966779158341474
"Westbeach","2017-Apr",2017,"Apr",2017-04-07,4.77996943661972,0.27491362099423,4.14836594385124,0.238587781356149,3.56145833333333,0.204832566278737,0.766666666666667,0.17736497211494,0.591409875630403,0.513263655647438
"Westbeach","2017-Aug",2017,"Aug",2017-08-26,7.22238143011918,1.7766507490046,6.26804868848655,1.54189217295508,5.38125,1.32374645891878,1,0.05,0.893601467536315,0.775525020495661
"Westbeach","2017-Jul",2017,"Jul",2017-07-20,9.28731704225352,2.49416805835155,8.06013306961211,2.16459999769874,6.91979166666667,1.85835406145017,0.958333333333333,0.326279532507532,1.14908914998911,0.997253718767456
"Westbeach","2017-Jun",2017,"Jun",2017-06-05,7.22797367280607,0.422787971318368,6.27290199757558,0.366922685373355,5.38541666666667,0.315010747171161,1.35,0.198431348329844,0.894293377305991,0.776125504444941
"Westbeach","2017-May",2017,"May",2017-05-17,7.69352787648971,1.24148023807643,6.67693997923761,1.07743666730276,5.73229166666667,0.925001759570398,1.14166666666667,0.267316915539091,0.951894865631503,0.826115793222536
"Westbeach","2017-Nov",2017,"Nov",2017-11-17,4.75340628385699,0.190793027926102,4.12531272567833,0.165582502120059,3.54166666666667,0.142156017576933,0.808333333333333,0.125830573921179,0.588123304224443,0.510411356888356
"Westbeach","2018-Apr",2018,"Apr",2018-04-30,4.77018301191766,0.926879431333939,4.13987265294543,0.804405785012935,3.55416666666667,0.690599075682362,0.758333333333333,0.123322071557906,0.59019903353347,0.512212808736197
"Westbeach","2018-Aug",2018,"Aug",2018-08-22,11.7336436056338,7.63541453322897,10.1832131306097,6.62650546971559,8.7425,5.68899259260812,0.645,0.225970130769533,1.45176507873379,1.25993542238017
"Westbeach","2018-Feb",2018,"Feb",2018-02-15,2.60598509209101,0.456787308723994,2.26164203548953,0.396429504460204,1.94166666666667,0.340342964277702,0.75,0.246221445044903,0.32242995266893,0.279825520364675
"Westbeach","2018-Jul",2018,"Jul",2018-07-22,7.28109997833153,1.83592143547931,6.3190084339214,1.59333109960527,5.425,1.36790784594577,0.79,0.213307290077015,0.900866520117911,0.781830101963105
"Westbeach","2019-Jul",2019,"Jul",2019-07-12,6.56529291440954,1.3247132066847,5.69778487052513,1.14967160875133,4.89166666666667,0.987016957280032,0.583333333333333,0.189296944860009,0.812302069599407,0.704968156455212
"Westbeach","2020-Jul",2020,"Jul",2020-07-18,9.12234588299025,5.06900690067144,7.91696045148562,4.39921130766956,6.796875,3.77681428877235,0.633333333333333,0.142156017576933,1.12867781178367,0.979539442263683
"Westbeach","2021-Jul",2021,"Jul",2021-07-12,6.13189410617552,3.70483756690943,5.32165341612505,3.21529712561016,4.56875,2.760399371015,0.275,0.139194109070751,0.758679062449531,0.658430650385979
"Westbeach","2022-Jul",2022,"Jul",2022-07-19,7.52296447453955,5.29563661868334,6.52891405202209,4.59589520210258,5.60520833333333,3.94567149769318,0.35,0.16393596310755,0.93079161765639,0.807801032769484
"Westbeach","2023-Jul",2023,"Jul",2023-07-22,7.63480932827736,1.00814328559377,6.62598023380276,0.874931801956664,5.68854166666667,0.751147126206533,0.458333333333333,0.251661147842358,0.944629813049907,0.819810711755092
"Westbeach","2024-Jul",2024,"Jul",2024-07-09,4.56466809317443,2.86037473538328,3.96151354392346,2.48241778451784,3.40104166666667,2.1312072331975,0.633333333333333,0.361708906903512,0.564771349497884,0.490145023600142
"Westbeach","2024-Jul",NA,NA,NA,0.335534561213435,NA,0.291198545342,NA,0.25,NA,0.025,NA,0.0415145861805489,0.0360290369568251
"Westbeach","2025-Jul",2025,"Jul",2025-07-20,5.39092195016251,2.50649782142978,4.67858996182813,2.17530056177718,4.01666666666667,1.86754071798538,0.358333333333333,0.0381881307912987,0.667001017967486,0.578866527106324
"Westbeach_north","2019-Aug",2019,"Aug",2019-08-20,9.04079234380643,2.81245517845408,3.82696800157047,1.19051246444881,6.73611111111111,2.09550334269818,0.547222222222222,0.0769800358919501,1.1185874609759,0.473498146768671
"Womanley","2017-Aug",2017,"Aug",2017-08-25,4.06835655471289,1.30779814316162,3.6418379453855,1.1706911227221,3.03125,0.974413886331163,0.591666666666667,0.0520416499866533,0.503364357439155,0.450592614640157
"Womanley","2017-Jul",2017,"Jul",2017-07-15,3.22113178764897,1.19244658980542,2.88343457943924,1.06743280245883,2.4,0.888467782195843,0.491666666666667,0.080363756341608,0.398540027333269,0.356757863962516
"Womanley","2017-Jun",2017,"Jun",2017-06-06,3.44342343445287,2.18939113364712,3.08242160119742,1.9598596142145,2.565625,1.63127095293057,0.666666666666667,0.322425702035885,0.426043440677883,0.38137787280368
"Womanley","2017-Nov",2017,"Nov",2017-11-20,2.81988837486457,2.06514100419831,2.52425674771222,1.84863562731454,2.10104166666667,1.53869470013006,0.425,0.125,0.34889550135903,0.312317973790102
"Womanley","2018-Apr",2018,"Apr",2018-04-28,3.83068624052004,1.47790818045217,3.42908452589562,1.32296715368552,2.85416666666667,1.10115942684669,0.516666666666667,0.187638837486628,0.473958192227933,0.42426933474709
"Womanley","2018-Aug",2018,"Aug",2018-08-29,3.93665923943662,1.60989839998038,3.52394752117405,1.44111977463532,2.933125,1.1995026638674,0.35,0.106066017177982,0.48706988236329,0.43600642072294
"Womanley","2018-Feb",2018,"Feb",2018-02-16,1.99083839653304,1.04303946503706,1.78212276090342,0.933689230828644,1.48333333333333,0.777147562135617,0.358333333333333,0.218422373701353,0.24631987800459,0.220496179810166
"Womanley","2018-Jul",2018,"Jul",2018-07-21,5.10180300325027,3.15487475204577,4.56693987295559,2.82412380292213,3.80125,2.35063322585639,0.465,0.192516233081785,0.631229282875246,0.565052429328131
"Womanley","2019-Jul",2019,"Jul",2019-07-09,1.63433292524377,1.11578117735035,1.46299263166861,0.99880484312865,1.21770833333333,0.831345937446219,0.275,0.16393596310755,0.202210630187757,0.181011259970565
"Womanley","2020-Jul",2020,"Jul",2020-07-05,0.357903531960997,0.151300913721522,0.320381619937693,0.135438819423098,0.266666666666667,0.112731243820572,0.0333333333333333,0.0144337567297406,0.0442822252592522,0.0396397626625018
"Womanley","2021-Jul",2021,"Jul",2021-07-10,1.59378916576381,1.16256794142671,1.42669940128504,1.04068657361702,1.1875,0.866205806953521,0.15,0.0707106781186548,0.197194284357607,0.176520818106453
"Womanley","2022-Jul",2022,"Jul",2022-07-20,4.14804601300108,3.3539061746723,3.71317291544975,3.00228915728511,3.090625,2.49892750432561,0.325,0.29474565306379,0.513224071657036,0.45941865554548
"Womanley","2023-Jul",2023,"Jul",2023-07-16,6.52055497291441,2.62497274545531,5.83695263823985,2.3497756947895,4.85833333333333,1.95581398229314,0.6,0.22220486043289,0.806766791442001,0.722186926007455
"Womanley","2024-Jul",2024,"Jul",2024-07-08,4.30043462621885,2.46351461292117,3.84958540206385,2.20524451967095,3.20416666666667,1.83551480063042,0.341666666666667,0.190940653956493,0.532078612880702,0.476296523241624
"Womanley","2025-Jul",2025,"Jul",2025-07-13,12.4147787648971,1.12891299966897,11.1132374415887,1.01055995066872,9.25,0.841130192063036,0.975,0.0901387818865997,1.53603968868031,1.37500426735553
